id,tag1
2, Z
5, Z
8, Mine plow/roller
10, Shattered
15, Shattered
17, Shattered
26, O
27, O
30, Mine plow/roller
32, Shattered
57, V
59, V
65, Mine plow/roller
66, V
69, Mine plow/roller
76, Mine plow/roller
83, O
91, V
92, Z
94, Shattered
97, Z
106, Mine plow/roller
115, Z
121, O
125, Shattered
127, Underwater
135, Shattered
145, Mine plow/roller
160, Mine plow/roller
165, Mine plow/roller
169, Damaged
170, Damaged
180, Mine plow/roller
181, Mine plow/roller
182, Damaged
194, O
205, V
206, V
207, V
220, Shattered
222, Mine plow/roller
224, ☐
230, Mine plow/roller
236, ☐
240, Damaged
242, Mine plow/roller
248, Mine plow/roller
260, Z
261, V
264, V
265, O
270, Cope cage
272, Z
276, O
279, Damaged
281, Z
284, Mine plow/roller
286, Z
290, Shattered
294, O
308, ⧸
311, Cope cage
315, Cope cage
318, Z
319, Z
320, Cope cage
322, Cope cage
330, Mine plow/roller
349, Damaged
352, O
353, Mine plow/roller
354, Mine plow/roller
355, Z
362, ☐
365, Damaged
372, Damaged
377, Mine plow/roller
379, Shattered
385, Z
390, Cope cage
393, Mine plow/roller
398, Mine plow/roller
399, ⧸
400, ⧸
404, Z
405, Mine plow/roller
406, V
407, Damaged
408, Shattered
413, ⧸
420, Z
423, V
429, Mine plow/roller
431, Damaged
438, Mine plow/roller
454, Cope cage
487, Shattered
488, Shattered
496, Z
498, O
499, Z
501, Mine plow/roller
513, Damaged
514, Damaged
516, V
526, Mine plow/roller
531, Mine plow/roller
552, Underwater
555, Mine plow/roller
561, Shattered
594, Mine plow/roller
596, Damaged
613, Z
638, Z
645, ⧸
646, Cope cage
702, Z
703, Z
705, Mine plow/roller
724, O
726, Z
727, Z
753, Shattered
765, Shattered
770, O
773, Mine plow/roller
834, Z
836, V
849, Flipped
885, ☐
938, Damaged
957, ☐
965, ☐
979, ☐
984, ☐
987, ☐
991, ☐
994, ☐
997, ☐
1019, ☐
1020, ☐
1025, ☐
1027, ☐
1030, ☐
1034, ⧸
1039, ⧸
1081, ☐
1083, Damaged
1095, Damaged
1114, Shattered
1132, ⧸
1139, ☐
1177, Shattered
1201, Shattered
1202, V
1205, Z
1206, Z
1267, Z
1268, Shattered
1297, Shattered
1302, O
1307, O
1313, Shattered
1315, Shattered
1332, O
1352, O
1363, Underwater
1367, O
1368, Shattered
1374, V
1384, Z
1385, Z
1389, Shattered
1391, O
1392, Shattered
1393, Shattered
1396, O
1409, O
1412, Shattered
1418, Additional armour
1428, V
1433, V
1434, V
1435, Shattered
1438, Shattered
1443, Armour kit missing
1445, O
1456, Shattered
1457, V
1464, Z
1483, Z
1494, Z
1501, Shattered
1505, Armour kit missing
1506, O
1522, Z
1528, Armour kit missing
1531, Shattered
1532, Z
1538, Z
1539, V
1544, PL-1
1549, Shattered
1564, ⧸
1570, Armour kit missing
1583, PL-1
1587, Damaged
1594, PL-1
1595, PL-1
1596, PL-1
1602, ☐
1621, Armour kit missing
1623, Damaged
1633, O
1636, PL-1
1661, Z
1662, Underwater
1684, Shattered
1695, Shattered
1698, Z
1699, Shattered
1700, Z
1701, Z
1702, Shattered
1705, ⧸
1707, Z
1708, Z
1710, Shattered
1712, Shattered
1716, Shattered
1718, Shattered
1719, Shattered
1720, V
1725, Shattered
1726, Shattered
1728, Z
1729, Underwater
1730, Z
1733, Shattered
1736, Z
1737, Z
1739, Shattered
1744, Shattered
1745, Shattered
1746, Shattered
1751, Z
1753, Shattered
1756, Z
1763, Damaged
1765, ⧸
1775, PL-1
1782, PL-1
1797, PL-1
1798, PL-1
1801, Shattered
1805, V
1809, V
1811, Z
1812, PL-1
1816, Z
1819, Shattered
1820, V
1833, V
1834, Shattered
1835, V
1840, Flipped
1843, Shattered
1844, Shattered
1845, Shattered
1848, V
1866, PL-1
1871, Damaged
1885, Jammer
1886, Z
1895, PL-1
1899, Damaged
1900, PL-1
1917, Shattered
1918, Shattered
1919, Shattered
1920, Shattered
1923, Shattered
1924, Shattered
1925, Shattered
1928, Shattered
1929, Shattered
1930, V
1931, Shattered
1935, Shattered
1937, Shattered
1938, Shattered
1940, Shattered
1941, Shattered
1943, Shattered
1951, Damaged
1958, V
1959, Shattered
1974, Z
1977, Z
1978, Z
1989, ☐
1997, Armour kit missing
2012, Damaged
2015, Z
2016, ☐
2024, Z
2035, V
2041, Armour kit missing
2046, PL-1
2068, Damaged
2070, Flipped
2091, Armour kit missing
2092, Damaged
2135, Z
2140, V
2154, PL-1
2184, PL-1
2196, V
2207, PL-1
2277, ☐
2279, ☐
2280, ☐
2285, ☐
2298, Damaged
2320, O
2321, Damaged
2325, ☐
2326, ☐
2328, ☐
2329, ☐
2331, ☐
2339, ⧸
2346, ⧸
2373, Damaged
2402, Damaged
2418, Jammer
2427, Additional armour
2433, ☐
2437, ☐
2455, KUNG
2470, ☐
2481, O
2529, ☐
2531, Damaged
2553, Damaged
2561, Damaged
2584, ⧸
2585, Damaged
2586, Damaged
2597, ☐
2600, ☐
2619, Damaged
2621, ⧸
2622, Additional armour
2624, KUNG
2625, KUNG
2628, Damaged
2667, Flipped
2729, Flipped
2730, Shattered
2740, Shattered
2746, V
2747, Shattered
2748, Shattered
2755, Shattered
2761, Shattered
2762, V
2764, Shattered
2766, Shattered
2769, Shattered
2770, Shattered
2771, Shattered
2779, ☐
2781, ☐
2782, Shattered
2794, Shattered
2795, Shattered
2797, Shattered
2800, Shattered
2828, Shattered
2852, ☐
2860, Flipped
2863, ☐
2876, Flipped
2899, Damaged
2900, ☐
2901, ☐
2902, Damaged
2903, ☐
2916, Additional armour
2917, Flipped
2924, V
2938, V
2941, Damaged
2942, Additional armour
2944, Damaged
2957, ☐
2959, Damaged
2965, ☐
3011, Damaged
3014, Damaged
3018, ☐
3038, Damaged
3050, KUNG
3065, V
3092, Z
3098, Underwater
3101, Flipped
3111, Flipped
3121, Z
3128, Damaged
3226, Underwater
3253, ☐
3254, KUNG
3255, Jammer
3257, V
3275, ☐
3279, ☐
3297, KUNG
3327, KUNG
3380, V
3400, ⧸
3470, ☐
3471, Damaged
3475, KUNG
3476, KUNG
3511, Damaged
3533, ⧸
3542, O
3546, ☐
3547, ☐
3548, ☐
3588, Damaged
3604, ☐
3605, KUNG
3613, KUNG
3616, KUNG
3632, Additional armour
3637, ☐
3644, ☐
3645, ☐
3649, KUNG
3658, ⧸
3663, KUNG
3664, ☐
3705, ☐
3757, KUNG
3759, V
3768, Damaged
3866, Damaged
3869, Damaged
3880, ☐
3884, ☐
3885, ☐
3935, Damaged
3936, Additional armour
3938, Additional armour
3944, Flipped
3948, Additional armour
3991, ⧸
3996, ☐
3997, ☐
4003, ☐
4023, ☐
4025, ☐
4030, Damaged
4056, Damaged
4087, KUNG
4237, Flipped
4348, Mine plow/roller
4641, Shattered
5529, Z
5531, Shattered
5541, V
5560, Z
5599, Flipped
5640, Additional armour
5644, Flipped
5660, ⧸
5666, ☐
5669, ☐
5697, Shattered
5700, Shattered
5715, Shattered
5737, ☐
5767, PL-1
5779, Shattered
5785, PL-1
5786, PL-1
5787, PL-1
5812, KUNG
5829, Underwater
5851, Shattered
5855, Shattered
5856, Shattered
5857, Shattered
5860, Shattered
5872, V
5901, V
5903, Underwater
5906, Underwater
5907, Shattered
5911, Z
5954, V
5955, V
5961, Additional armour
5995, V
6006, V
6007, O
6070, Flipped
6086, Z
6090, V
6096, Flipped
6099, Flipped
6176, Damaged
6187, V
6188, Shattered
6190, Flipped
6192, KUNG
6193, Shattered
6194, Shattered
6201, V
6202, KUNG
6223, O
6250, Z
6258, Z
6307, Shattered
6308, Shattered
6320, Z
6321, Z
6334, Z
6396, V
6404, Z
6407, Z
6446, ☐
6453, PL-1
6466, Shattered
6476, Shattered
6482, Shattered
6484, Shattered
6485, Shattered
6486, Shattered
6490, Shattered
6491, Shattered
6494, Shattered
6517, Shattered
6520, Damaged
6575, Damaged
6597, ☐
6623, KUNG
6656, Z
6657, Damaged
6665, Damaged
6702, Shattered
6718, Z
6720, Shattered
6733, Shattered
6742, Damaged
6775, Damaged
6830, ☐
6855, Shattered
6859, O
6864, Shattered
6867, Z
6910, ☐
6911, ☐
6940, Shattered
6957, Shattered
6961, Z
6962, Z
6984, Shattered
6992, Shattered
6996, Shattered
7058, V
7077, KUNG
7104, Z
7168, Shattered
7220, PL-1
7221, Shattered
7228, Z
7235, Z
7240, Z
7248, O
7277, KUNG
7287, Z
7291, Shattered
7297, ☐
7310, Shattered
7312, Shattered
7320, Z
7328, V
7332, Z
7334, V
7348, Shattered
7355, Shattered
7373, V
7377, Shattered
7385, Shattered
7393, Shattered
7395, V
7398, V
7400, Flipped
7402, Damaged
7414, Shattered
7435, Damaged
7458, Flipped
7507, Flipped
7530, ☐
7536, Shattered
7539, Z
7540, Shattered
7555, Shattered
7556, Mine plow/roller
7651, Shattered
7657, Shattered
7673, V
7677, Mine plow/roller
7679, Shattered
7680, Shattered
7691, Shattered
7698, Shattered
7775, Shattered
7803, Z
7832, Shattered
7838, Shattered
7856, PL-1
7870, V
7908, Shattered
7910, Shattered
7911, Shattered
7912, Shattered
7913, Shattered
7925, Z
7930, Flipped
7934, Damaged
7936, Cope cage
7943, Z
7948, Z
7969, Damaged
7986, Z
8006, Z
8009, Shattered
8014, Z
8024, Damaged
8029, Z
8032, PL-1
8059, ☐
8062, PL-1
8066, Shattered
8067, ☐
8068, ☐
8118, ∇
8141, ∇
8143, Damaged
8147, Z
8148, ☐
8154, PL-1
8168, ☐
8189, ☐
8190, Damaged
8195, ☐
8210, ☐
8233, ☐
8242, ☐
8243, Z
8246, Damaged
8254, PL-1
8260, V
8306, Z
8310, Damaged
8314, Damaged
8370, Shattered
8399, Shattered
8416, V
8417, V
8425, Damaged
8426, ☐
8430, ☐
8439, ☐
8465, Shattered
8493, O
8516, Z
8517, Shattered
8523, Damaged
8555, Shattered
8586, Z
8630, ☐
8645, Damaged
8659, Shattered
8691, PL-1
8712, ☐
8757, ☐
8763, Armour kit missing
8775, ☐
8790, ☐
8799, Z
8802, V
8828, Shattered
8829, Shattered
8831, O
8902, Z
8910, Stugna
8919, Damaged
8923, Shattered
8945, ☐
8962, Z
9003, KUNG
9060, Z
9074, Shattered
9078, Damaged
9114, ⧸
9130, Shattered
9148, V
9166, ∇
9178, ∇
9180, ☐
9194, V
9195, Shattered
9196, Shattered
9197, Shattered
9199, KUNG
9238, Damaged
9243, Shattered
9247, Shattered
9273, Z
9291, O
9297, Z
9298, V
9316, Z
9317, Shattered
9340, Z
9361, Mine plow/roller
9379, Z
9429, Z
9442, V
9487, O
9493, V
9556, Z
9598, Mine plow/roller
9610, Shattered
9611, Z
9612, Z
9650, ∇
9666, Cope cage
9667, Cope cage
9670, Shattered
9676, Z
9691, V
9721, O
9724, Z
9743, V
9768, PL-1
9775, ☐
9804, Cope cage
9810, V
9827, Additional armour
9866, Shattered
9909, Z
9927, O
9935, Shattered
9941, Shattered
10021, Shattered
10035, KUNG
10067, Damaged
10120, Z
10130, Shattered
10185, Shattered
10203, Z
10204, Shattered
10211, Z
10213, Flipped
10214, O
10215, Shattered
10225, Shattered
10228, Z
10232, ☐
10234, Z
10246, O
10274, Shattered
10280, ∇
10335, V
10365, Damaged
10368, Shattered
10373, Damaged
10376, ⧸
10484, Additional armour
10493, Damaged
10502, ⧸
10520, Shattered
10525, V
10553, ⧸
10563, Z
10565, Shattered
10566, Shattered
10586, Stugna
10662, PL-1
10668, Shattered
10708, Z
10724, O
10731, Damaged
10734, Z
10760, Damaged
10771, ☐
10788, O
10789, Stugna
10802, Cope cage
10803, Shattered
10819, ☐
10983, Shattered
10984, Shattered
10989, Shattered
11044, O
11056, Z
11064, V
11143, Stugna
11182, Shattered
11199, ∇
11232, Damaged
11275, Mine plow/roller
11276, V
11277, Damaged
11278, Damaged
11279, Damaged
11285, Shattered
11325, V
11334, Z
11367, Shattered
11372, Stugna
11392, Z
11400, V
11433, Shattered
11461, Shattered
11465, Shattered
11474, Z
11481, V
11501, Shattered
11527, Shattered
11548, Z
11583, V
11615, Shattered
11625, Z
11630, Flipped
11651, V
11652, Mine plow/roller
11654, Damaged
11679, Flipped
11706, Mine plow/roller
11723, Shattered
11741, V
11753, V
11841, Mine plow/roller
11893, ☐
11944, Damaged
11994, Damaged
12035, Damaged
12038, KUNG
12056, Z
12063, Shattered
12065, Damaged
12084, Shattered
12085, Z
12087, Shattered
12231, Additional armour
12299, ⧸
12300, Mine plow/roller
12306, Z
12312, V
12336, Shattered
12344, Shattered
12379, Shattered
12399, KUNG
12436, Z
12438, Damaged
12441, Shattered
12445, Shattered
12474, Z
12519, O
12522, Z
12527, Flipped
12540, V
12542, Damaged
12586, PL-1
12587, V
12605, ☐
12607, O
12686, Cope cage
12822, Stugna
12826, Z
12912, Z
12917, V
13061, Shattered
13069, KUNG
13154, Mine plow/roller
13257, Z
13328, Mine plow/roller
13332, Z
13333, Z
13334, Z
13335, Shattered
13486, O
13505, Z
13515, PL-1
13516, Z
13533, Shattered
13556, Z
13557, Shattered
13558, ⧸
13588, V
13702, ☐
13704, Damaged
13705, Damaged
13710, KUNG
13747, Shattered
13761, Z
13780, O
13787, Shattered
13818, Z
13831, Damaged
13852, Shattered
13860, Damaged
13878, Damaged
13879, Damaged
13904, ∇
13913, Damaged
13917, Shattered
13923, V
13924, Damaged
13926, Damaged
13931, Damaged
13932, ☐
13933, ☐
13941, Mine plow/roller
13947, ☐
13948, Damaged
13949, Damaged
13950, Flipped
13951, Mine plow/roller
13953, ☐
13956, Shattered
13966, ☐
14017, Shattered
14027, Damaged
14028, Damaged
14031, Shattered
14033, Flipped
14039, Z
14043, Shattered
14066, KUNG
14078, ☐
14089, Z
14090, Shattered
14106, Damaged
14108, Damaged
14109, ☐
14124, V
14141, Mine plow/roller
14142, Damaged
14144, Mine plow/roller
14254, O
14299, O
14306, Damaged
14308, Damaged
14319, Z
14320, Shattered
14321, Shattered
14359, Damaged
14360, Shattered
14362, ⧸
14385, ☐
14387, ☐
14393, Shattered
14400, Z
14401, Damaged
14410, V
14411, ☐
14418, Z
14427, Shattered
14436, Cope cage
14461, V
14463, Shattered
14497, Z
14507, Shattered
14523, Damaged
14537, Z
14567, V
14587, V
14588, Shattered
14590, Shattered
14678, ⧸
14692, Z
14695, Shattered
14707, ☐
14791, Shattered
14842, Shattered
14877, Shattered
14947, Z
14952, Z
15013, Z
15093, Shattered
15095, Shattered
15096, Shattered
15116, ☐
15160, Z
15197, Shattered
15246, Shattered
15325, Shattered
15330, Flipped
15339, Shattered
15340, Z
15362, Mine plow/roller
15374, ⧸
15386, Z
15395, Mine plow/roller
15400, Z
15428, Shattered
15453, Mine plow/roller
15472, Underwater
15505, Z
15506, V
15508, Additional armour
15555, Armour kit missing
15570, ∇
15573, Shattered
15679, Shattered
15725, Shattered
15742, Cope cage
15824, ☐
15832, PL-1
15835, Flipped
15853, Cope cage
15854, Mine plow/roller
15856, Shattered
15914, Flipped
15917, Damaged
16011, Shattered
16017, Mine plow/roller
16030, Shattered
16129, V
16132, Mine plow/roller
16273, Flipped
16287, Shattered
16299, ☐
16343, Cope cage
16360, Stugna
16375, V
16380, ☐
16415, O
16453, V
16456, Shattered
16457, Cope cage
16463, Shattered
16464, Mine plow/roller
16466, Shattered
16468, ∆
16540, Shattered
16586, V
16605, Mine plow/roller
16606, Shattered
16607, Z
16632, ⧸
16638, V
16721, Cope cage
16789, ☐
16793, O
16809, Cope cage
16826, Cope cage
16843, Z
16851, Z
16853, Cope cage
16946, V
16969, Z
17012, Cope cage
17032, Cope cage
17036, Shattered
17040, ☐
17042, V
17043, ☐
17044, V
17045, Shattered
17055, PL-1
17058, Shattered
17059, Damaged
17062, O
17064, Damaged
17101, V
17103, V
17114, Shattered
17116, Shattered
17117, Shattered
17118, Shattered
17119, Shattered
17164, Z
17166, Z
17184, Shattered
17188, Z
17224, KUNG
17245, Stugna
17251, Cope cage
17260, ☐
17278, O
17286, ☐
17315, Shattered
17318, O
17328, V
17350, O
17356, Flipped
17430, Z
17506, ☐
17514, Cope cage
17527, Z
17529, Z
17551, Shattered
17577, Z
17595, ☐
17625, Z
17657, Damaged
17664, Mine plow/roller
17670, Shattered
17718, Z
17756, Shattered
17795, Damaged
17840, Z
17854, Damaged
17859, Flipped
17875, V
17921, Cope cage
17922, Cope cage
17924, Z
17930, Flipped
17999, Additional armour
18038, Damaged
18050, Flipped
18053, Underwater
18065, ∇
18093, ◇
18139, Mine plow/roller
18140, Z
18141, Z
18142, Cope cage
18143, Additional armour
18144, Mine plow/roller
18145, Cope cage
18162, ☐
18164, Cope cage
18193, ∆
18207, Z
18212, Damaged
18218, V
18226, ☐
18227, Shattered
18233, Shattered
18245, Shattered
18297, Shattered
18336, Shattered
18377, Shattered
18380, Shattered
18404, V
18453, O
18465, Cope cage
18476, Shattered
18478, ☐
18554, Shattered
18558, Shattered
18581, Damaged
18602, ☐
18628, Cope cage
18684, Shattered
18718, O
18723, Shattered
18745, Z
18759, Shattered
18770, Damaged
18777, V
18795, Shattered
18844, Z
18948, ☐
18968, Damaged
18976, Shattered
18987, Mine plow/roller
18988, Cope cage
18989, V
18994, Damaged
18995, Shattered
18998, Shattered
19004, Shattered
19005, Damaged
19048, O
19085, V
19123, Z
19143, Shattered
19166, ☐
19168, Shattered
19170, Z
19174, Shattered
19177, V
19179, Additional armour
19180, Shattered
19189, Damaged
19196, Shattered
19216, Shattered
19230, ∇
19244, KUNG
19249, Shattered
19254, V
19255, Shattered
19294, Damaged
19296, Cope cage
19354, Z
19362, Shattered
19364, Shattered
19401, Z
19418, Loitering
19429, ☐
19430, ☐
19439, Additional armour
19441, Shattered
19473, ☐
19514, Shattered
19531, Shattered
19551, Cope cage
19576, Shattered
19596, O
19616, ⧸
19626, Z
19636, Additional armour
19658, Shattered
19668, V
19674, Shattered
19685, Cope cage
19686, Cope cage
19687, Z
19689, Damaged
19700, ◇
19714, Z
19748, Loitering
19761, Damaged
19764, ☐
19775, Z
19800, Cope cage
19809, Shattered
19880, Shattered
19919, Cope cage
19927, Cope cage
19963, Shattered
19978, Shattered
19979, Damaged
19999, Shattered
20034, Damaged
20039, Shattered
20049, Shattered
20084, Z
20098, Shattered
20117, Cope cage
20126, Shattered
20201, Shattered
20216, Mine plow/roller
20217, V
20227, Cope cage
20231, Shattered
20257, O
20276, Shattered
20277, Mine plow/roller
20290, Mine plow/roller
20291, Mine plow/roller
20297, ☐
20298, Shattered
20312, Cope cage
20362, Shattered
20366, Shattered
20369, Z
20370, Mine plow/roller
20411, V
20414, Cope cage
20432, Cope cage
20433, Shattered
20452, Armour kit missing
20453, Damaged
20462, KUNG
20499, Damaged
20506, Mine plow/roller
20507, Mine plow/roller
20511, Damaged
20512, Damaged
20515, Damaged
20528, Shattered
20557, Cope cage
20569, Z
20575, V
20576, V
20582, Shattered
20583, Mine plow/roller
20589, Shattered
20591, V
20597, Shattered
20614, Mine plow/roller
20616, Damaged
20617, ☐
20674, Damaged
20679, Shattered
20681, Z
20683, V
20684, V
20685, Cope cage
20687, Shattered
20689, Mine plow/roller
20695, Shattered
20696, Shattered
20723, Shattered
20733, Shattered
20748, Shattered
20786, Shattered
20792, Z
20800, Z
20813, Cope cage
20820, Shattered
20839, Cope cage
20848, Shattered
20850, Shattered
20855, Mine plow/roller
20879, Damaged
20884, Damaged
20886, Damaged
20894, Damaged
20908, Shattered
20924, Shattered
20929, Mine plow/roller
20937, V
20954, Jammer
20969, Shattered
20977, Damaged
20990, Cope cage
21017, Cope cage
21018, Shattered
21031, Shattered
21043, Z
21064, Shattered
21068, Shattered
21072, ◇
21099, ∇
21113, Flipped
21118, Shattered
21129, Shattered
21130, Damaged
21143, Cope cage
21158, Mine plow/roller
21159, Damaged
21161, O
21166, Cope cage
21167, Shattered
21178, Mine plow/roller
21182, Shattered
21183, Mine plow/roller
21185, Shattered
21186, Mine plow/roller
21190, Shattered
21201, Damaged
21204, Damaged
21206, Cope cage
21209, Cope cage
21226, V
21236, Cope cage
21241, Cope cage
21244, O
21250, Z
21256, Z
21257, Shattered
21259, Cope cage
21267, Shattered
21275, Cope cage
21276, Damaged
21279, Mine plow/roller
21280, Shattered
21281, Cope cage
21282, V
21283, Cope cage
21284, Mine plow/roller
21285, Cope cage
21286, Damaged
21288, PL-1
21314, Mine plow/roller
21328, Z
21341, O
21346, Shattered
21369, Shattered
21370, Z
21371, Cope cage
21375, Shattered
21386, Z
21411, Z
21415, Shattered
21418, Cope cage
21426, ☐
21438, Additional armour
21455, ☐
21461, O
21469, Cope cage
21475, Cope cage
21492, O
21496, ☐
21502, Mine plow/roller
21505, Mine plow/roller
21528, Damaged
21529, Damaged
21530, Cope cage
21540, Cope cage
21550, Mine plow/roller
21562, Shattered
21567, Cope cage
21568, Cope cage
21570, Cope cage
21576, Cope cage
21596, Cope cage
21603, Shattered
21605, Cope cage
21614, ☐
21616, Mine plow/roller
21631, Z
21648, ☐
21671, Expanded cabin
21700, Shattered
21728, Mine plow/roller
21729, Damaged
21743, ☐
21755, V
21785, O
21798, Cope cage
21810, Shattered
21825, V
21849, Damaged
21866, KUNG
21888, Shattered
21909, Z
21926, KUNG
21965, Armour kit missing
21970, Damaged
21971, O
21972, Shattered
21976, Cope cage
21977, Cope cage
21979, Damaged
21980, O
21984, Shattered
21986, Cope cage
21999, Damaged
22016, Shattered
22019, Cope cage
22020, Z
22023, ☐
22030, Damaged
22041, Shattered
22043, Shattered
22044, Shattered
22061, Z
22074, PL-1
22077, Shattered
22081, Z
22089, Shattered
22108, Shattered
22109, Shattered
22112, V
22125, V
22128, Damaged
22129, Damaged
22133, Shattered
22135, Damaged
22136, Shattered
22140, Shattered
22143, Shattered
22146, Damaged
22170, Shattered
22184, Shattered
22185, V
22187, V
22188, V
22191, Cope cage
22228, Shattered
22236, V
22241, Shattered
22249, Mine plow/roller
22256, Shattered
22262, Shattered
22270, Shattered
22272, Cope cage
22283, Shattered
22292, Mine plow/roller
22293, Damaged
22299, Cope cage
22301, Jammer
22303, Cope cage
22308, Damaged
22309, Cope cage
22310, Cope cage
22317, Shattered
22325, Cope cage
22346, Shattered
22347, Z
22374, Shattered
22375, Cope cage
22380, V
22385, ◇
22388, Shattered
22389, Damaged
22390, Shattered
22391, Shattered
22404, Z
22407, Damaged
22427, Damaged
22430, Damaged
22431, Damaged
22435, V
22437, Shattered
22446, Shattered
22454, Shattered
22461, Cope cage
22462, Damaged
22466, Damaged
22468, Damaged
22469, Mine plow/roller
22470, Damaged
22491, Cope cage
22510, Cope cage
22511, Cope cage
22513, Additional armour
22541, Damaged
22543, Expanded cabin
22567, Cope cage
22568, Underwater
22570, Damaged
22571, Shattered
22573, Damaged
22574, Damaged
22575, Shattered
22576, Cope cage
22578, Cope cage
22579, Shattered
22580, Armour kit missing
22587, Shattered
22591, Cope cage
22594, Cope cage
22598, Damaged
22599, Cope cage
22600, Shattered
22602, Cope cage
22631, Cope cage
22643, Cope cage
22648, Jammer
22653, Shattered
22656, V
22657, Cope cage
22658, Z
22666, Cope cage
22678, Damaged
22689, Cope cage
22690, Cope cage
22691, Shattered
22696, Shattered
22727, Shattered
22732, Shattered
22738, Z
22748, Shattered
22749, Z
22784, Shattered
22793, Cope cage
22803, Shattered
22804, Shattered
22807, Shattered
22818, Shattered
22840, V
22841, Cope cage
22870, ☐
22902, Flipped
22942, Underwater
22943, Underwater
22965, Shattered
23035, PL-1
23044, Underwater
23045, Underwater
23046, Underwater
23080, Cope cage
23097, Damaged
23099, Flipped
23100, Cope cage
23114, Expanded cabin
23120, Jammer
23130, Damaged
23152, Shattered
23159, ☐
23178, Loitering
23179, Cope cage
23181, Z
23189, Shattered
23194, Shattered
23196, Shattered
23197, Shattered
23199, Expanded cabin
23202, Shattered
23210, Cope cage
23211, Damaged
23212, Damaged
23219, Mine plow/roller
23230, Damaged
23231, Cope cage
23234, Cope cage
23254, Damaged
23263, Cope cage
23277, Damaged
23278, Damaged
23317, Shattered
23319, Cope cage
23321, Damaged
23322, Shattered
23323, Damaged
23324, Cope cage
23325, Cope cage
23326, Damaged
23330, Cope cage
23355, Shattered
23362, Damaged
23363, Shattered
23365, Shattered
23371, Cope cage
23375, Shattered
23395, Damaged
23401, Mine plow/roller
23416, Shattered
23418, Shattered
23423, V
23424, Expanded cabin
23431, Cope cage
23433, Additional armour
23439, Damaged
23451, Cope cage
23454, Mine plow/roller
23480, Damaged
23482, Cope cage
23494, Shattered
23497, Cope cage
23510, Armour kit missing
23511, Damaged
23512, Damaged
23516, Damaged
23517, Damaged
23519, Z
23528, Damaged
23531, Cope cage
23549, Cope cage
23550, Damaged
23562, Cope cage
23570, Damaged
23571, Damaged
23572, Cope cage
23578, Damaged
23586, Cope cage
23589, Cope cage
23590, Shattered
23591, Damaged
23618, Shattered
23624, Flipped
23633, Damaged
23635, Damaged
23643, Shattered
23644, Shattered
23645, Cope cage
23651, Flipped
23660, Damaged
23663, Damaged
23664, Damaged
23665, Cope cage
23668, Underwater
23672, Cope cage
23695, Cope cage
23722, Shattered
23728, Shattered
23743, Cope cage
23756, ☐
23761, Damaged
23766, Cope cage
23767, Damaged
23769, Damaged
23772, Cope cage
23774, Cope cage
23775, Cope cage
23785, Damaged
23792, Cope cage
23793, Cope cage
23830, Cope cage
23836, Armour kit missing
23856, Cope cage
23874, Mine plow/roller
23883, Additional armour
23911, Z
23914, Loitering
23920, Cope cage
23949, Jammer
23951, Shattered
23952, Cope cage
23959, Shattered
23977, Damaged
23979, Damaged
23987, Shattered
23991, Shattered
24014, Cope cage
24032, Cope cage
24034, Mine plow/roller
24035, Shattered
24037, Damaged
24038, Additional armour
24046, Cope cage
24047, Damaged
24052, Cope cage
24073, ☐
24080, Expanded cabin
24084, Mine plow/roller
24094, Cope cage
24096, Shattered
24099, Jammer
24110, Jammer
24112, ▲
24113, Expanded cabin
24114, ☐
24122, Shattered
24124, Jammer
24126, Cope cage
24127, Cope cage
24137, Mine plow/roller
24147, V
24148, ☐
24149, V
24155, Damaged
24164, Shattered
24172, Damaged
24185, Shattered
24186, Cope cage
24200, Jammer
24201, Cope cage
24203, Shattered
24211, Shattered
24213, Shattered
24218, Expanded cabin
24235, Damaged
24283, Z
24289, Shattered
24302, Shattered
24314, Shattered
24324, Shattered
24350, Shattered
24353, Damaged
24354, Cope cage
24356, Damaged
24370, Cope cage
24378, Cope cage
24382, Damaged
24390, Damaged
24408, Cope cage
24409, Improvised
24418, Mine plow/roller
24431, Cope cage
24443, Z
24444, Shattered
24454, Cope cage
24455, Cope cage
24463, Cope cage
24467, Z
24492, ∇
24493, Shattered
24494, Jammer
24510, Damaged
24511, Damaged
24513, Armour kit missing
24519, Cope cage
24554, Cope cage
24556, Cope cage
24560, Flipped
24564, Shattered
24568, Cope cage
24587, Cope cage
24590, Underwater
24596, Damaged
24601, Shattered
24603, Cope cage
24605, Additional armour
24608, Armour kit missing
24619, Additional armour
24622, Expanded cabin
24623, Cope cage
24626, Cope cage
24628, Jammer
24631, Flipped
24632, Shattered
24638, Armour kit missing
24639, Armour kit missing
24644, Additional armour
24645, Z
24646, Shattered
24649, Shattered
24655, Cope cage
24665, Cope cage
24666, Armour kit missing
24667, ▲
24679, Shattered
24691, Damaged
24709, Z
24713, Shattered
24720, Cope cage
24722, Armour kit missing
24732, ⧸
24740, ◇
24742, Cope cage
24743, ∆
24746, Cope cage
24747, Damaged
24749, Damaged
24751, Damaged
24755, Damaged
24758, Cope cage
24766, Cope cage
24786, Damaged
24787, Damaged
24789, Damaged
24792, Damaged
24794, Cope cage
24803, Mine plow/roller
24821, Shattered
24834, Shattered
24836, Shattered
24859, Cope cage
24880, Z
24899, Cope cage
24903, Cope cage
24912, Cope cage
24921, Cope cage
24927, Cope cage
24930, Shattered
24935, Cope cage
24939, ◇
24966, ☐
24969, Cope cage
24982, ◇
24991, Shattered
24996, Additional armour
24997, Additional armour
25003, Additional armour
25005, Cope cage
25010, Jammer
25011, Cope cage
25024, Cope cage
25032, Damaged
25037, Damaged
25039, Cope cage
25040, Damaged
25042, Shattered
25043, O
25051, Cope cage
25054, Damaged
25055, Mine plow/roller
25062, Cope cage
25063, V
25066, Shattered
25081, Cope cage
25084, V
25088, Cope cage
25090, Mine plow/roller
25091, Mine plow/roller
25095, Z
25098, Damaged
25104, Additional armour
25106, Cope cage
25107, Damaged
25109, Cope cage
25128, Shattered
25130, Cope cage
25134, Cope cage
25141, Cope cage
25144, Cope cage
25171, V
25175, Shattered
25203, Damaged
25208, Cope cage
25221, Shattered
25234, Damaged
25235, Damaged
25237, Shattered
25239, ◇
25252, Damaged
25256, Jammer
25272, Additional armour
25277, Cope cage
25280, Flipped
25281, Cope cage
25282, Cope cage
25287, Cope cage
25288, Damaged
25291, ⧸
25293, ⧸
25294, ⧸
25295, Damaged
25299, Damaged
25304, Damaged
25316, Additional armour
25317, Cope cage
25320, Cope cage
25323, Shattered
25324, Damaged
25331, Shattered
25345, Shattered
25366, Jammer
25373, Damaged
25374, Mine plow/roller
25376, Cope cage
25381, Additional armour
25384, Additional armour
25386, Cope cage
25399, Z
25412, Cope cage
25419, Damaged
25420, Damaged
25422, Additional armour
25424, Expanded cabin
25429, Cope cage
25430, Shattered
25431, Shattered
25432, Damaged
25433, Damaged
25434, Damaged
25436, Damaged
25452, Expanded cabin
25460, Cope cage
25463, Z
25467, Jammer
25474, Shattered
25476, Damaged
25482, Shattered
25484, Jammer
25486, Damaged
25488, Damaged
25489, Damaged
25491, Damaged
25495, Shattered
25496, Mine plow/roller
25503, Damaged
25532, Jammer
25533, Cope cage
25538, Shattered
25545, Shattered
25559, Cope cage
25565, Cope cage
25566, Cope cage
25567, Damaged
25573, Cope cage
25582, Mine plow/roller
25600, Shattered
25616, Cope cage
25620, Jammer
25630, Shattered
25631, Cope cage
25633, Shattered
25638, Shattered
25648, Cope cage
25650, ⧸
25659, Cope cage
25678, Damaged
25679, Damaged
25680, Cope cage
25682, Cope cage
25684, Cope cage
25692, Damaged
25693, Flipped
25696, Damaged
25698, Armour kit missing
25700, Damaged
25701, Mine plow/roller
25715, Damaged
25725, Additional armour
25726, Additional armour
25727, Cope cage
25769, Cope cage
25772, Shattered
25780, Expanded cabin
25781, Additional armour
25783, Cope cage
25784, Cope cage
25790, Shattered
25793, Damaged
25801, Damaged
25804, Cope cage
25805, Cope cage
25811, Mine plow/roller
25817, Shattered
25818, Cope cage
25823, Damaged
25827, Z
25831, Damaged
25832, Cope cage
25846, Damaged
25847, Damaged
25848, Cope cage
25852, ◇
25866, Cope cage
25885, Expanded cabin
25886, Expanded cabin
25888, Mine plow/roller
25889, O
25893, PL-1
25907, Cope cage
25913, Cope cage
25921, Damaged
25923, Cope cage
25944, Cope cage
25945, Cope cage
25952, Z
25995, Cope cage
26004, Damaged
26005, Damaged
26008, Cope cage
26013, Cope cage
26038, Damaged
26042, Damaged
26044, Z
26045, Damaged
26067, Cope cage
26073, Cope cage
26083, Expanded cabin
26092, Damaged
26115, Cope cage
26122, Cope cage
26126, Cope cage
26138, Shattered
26139, Cope cage
26141, Cope cage
26144, Cope cage
26149, Cope cage
26151, Cope cage
26152, Additional armour
26155, Cope cage
26157, Mine plow/roller
26168, Jammer
26170, Jammer
26172, Damaged
26177, Cope cage
26183, Damaged
26188, Cope cage
26190, O
26203, Armour kit missing
26207, Additional armour
26210, Cope cage
26214, Cope cage
26221, Cope cage
26231, Cope cage
26232, Flipped
26250, Cope cage
26268, Damaged
26272, Jammer
26282, Cope cage
26284, Cope cage
26285, Cope cage
26290, Damaged
26308, Shattered
26313, Shattered
26316, Damaged
26317, Damaged
26324, Armour kit missing
26339, Mine plow/roller
26363, Damaged
26371, Cope cage
26373, Cope cage
26393, Cope cage
26395, Cope cage
26397, Cope cage
26400, Flipped
26412, Damaged
26421, Cope cage
26433, Shattered
26439, ☐
26444, Shattered
26447, Cope cage
26448, Mine plow/roller
26460, Cope cage
26464, Shattered
26472, Additional armour
26488, Cope cage
26489, Cope cage
26490, Mine plow/roller
26491, Cope cage
26494, Jammer
26497, Cope cage
26503, Cope cage
26505, Flipped
26506, ✕
26511, Cope cage
26536, Jammer
26560, Cope cage
26562, Cope cage
26569, Cope cage
26572, O
26577, Shattered
26629, Shattered
26630, Cope cage
26636, Turtle
26637, Damaged
26650, Shattered
26651, Cope cage
26673, Cope cage
26694, Jammer
26695, Cope cage
26697, Jammer
26706, Cope cage
26707, Cope cage
26719, Additional armour
26731, Mine plow/roller
26733, Turtle
26737, Additional armour
26746, Damaged
26747, Damaged
26757, Damaged
26763, Jammer
26765, Cope cage
26767, Cope cage
26768, Jammer
26779, Cope cage
26780, Cope cage
26782, Cope cage
26789, Mine plow/roller
26797, Cope cage
26818, Damaged
26830, Cope cage
26843, ☐
26852, Shattered
26861, Cope cage
26868, Cope cage
26869, Expanded cabin
26877, ◇
26881, Mine plow/roller
26884, Cope cage
26885, Cope cage
26903, Cope cage
26935, Mine plow/roller
26937, Cope cage
26942, Damaged
26952, Cope cage
26956, Cope cage
26957, Cope cage
26959, Additional armour
26962, Shattered
26966, Cope cage
26967, Damaged
26974, ☐
26984, ▲
26989, Expanded cabin
27006, Cope cage
27007, Cope cage
27010, Additional armour
27041, Cope cage
27044, Cope cage
27047, Damaged
27048, Cope cage
27049, Expanded cabin
27050, Expanded cabin
27051, Additional armour
27074, Jammer
27083, Shattered
27101, Damaged
27103, Damaged
27108, Additional armour
27113, Expanded cabin
27118, Cope cage
27119, Additional armour
27127, Additional armour
27139, Expanded cabin
27140, Damaged
27158, Cope cage
27169, ☐
27170, ☐
27174, Jammer
27181, Cope cage
27191, Cope cage
27199, V
27201, Turtle
27205, Cope cage
27206, Turtle
27207, Z
27217, Cope cage
27223, Damaged
27227, Cope cage
27228, ✕
27231, Additional armour
27243, Cope cage
27252, Cope cage
27253, Cope cage
27254, Shattered
27259, Cope cage
27260, Expanded cabin
27261, Damaged
27262, Cope cage
27265, Cope cage
27266, Cope cage
27271, Cope cage
27286, Cope cage
27288, Cope cage
27294, Mine plow/roller
27296, Damaged
27298, Additional armour
27300, Mine plow/roller
27301, Additional armour
27302, Cope cage
27304, Jammer
27306, Additional armour
27318, Cope cage
27345, Cope cage
27347, Cope cage
27348, Cope cage
27350, Damaged
27359, Cope cage
27373, Z
27376, Mine plow/roller
27388, Additional armour
27389, Additional armour
27390, PL-1
27391, Shattered
27393, ✕
27395, Cope cage
27410, Cope cage
27415, Shattered
27420, Cope cage
27446, Cope cage
27451, Expanded cabin
27465, Cope cage
27470, Z
27474, Cope cage
27486, Cope cage
27487, Cope cage
27490, ◇
27500, ▲
27502, ◇
27558, Damaged
27561, Loitering
27570, Cope cage
27579, Cope cage
27582, Damaged
27595, Mine plow/roller
27596, Shattered
27600, Mine plow/roller
27609, Jammer
27611, Jammer
27613, Cope cage
27614, Cope cage
27621, Cope cage
27625, Cope cage
27626, Shattered
27628, ☐
27631, Cope cage
27634, Cope cage
27638, Cope cage
27639, Cope cage
27643, Jammer
27656, Damaged
27661, Mine plow/roller
27663, Shattered
27670, Z
27674, Cope cage
27680, Mine plow/roller
27682, Cope cage
27687, Shattered
27694, Mine plow/roller
27695, Damaged
27702, Cope cage
27708, Cope cage
27709, Cope cage
27710, Cope cage
27723, Mine plow/roller
27737, ✕
27759, Mine plow/roller
27762, Jammer
27763, Jammer
27788, Armour kit missing
27806, ⧸
27814, Jammer
27820, Cope cage
27827, Cope cage
27860, Cope cage
27863, Shattered
27864, Jammer
27865, Cope cage
27870, Cope cage
27871, Damaged
27873, Expanded cabin
27874, Cope cage
27884, ✕
27892, Cope cage
27894, Damaged
27895, Cope cage
27896, Expanded cabin
27898, Mine plow/roller
27908, Additional armour
27920, ☐
27926, Cope cage
27927, Mine plow/roller
27928, Mine plow/roller
27932, ✕
27933, Shattered
27944, Expanded cabin
27945, Expanded cabin
27946, Shattered
27947, Expanded cabin
27951, Mine plow/roller
27958, Cope cage
27962, Jammer
27968, Cope cage
27986, Damaged
27991, Cope cage
27999, Loitering
28013, Cope cage
28018, Jammer
28030, Cope cage
28034, Additional armour
28036, Shattered
28037, Cope cage
28039, Shattered
28040, Mine plow/roller
28041, Cope cage
28042, Damaged
28044, Shattered
28048, Jammer
28052, Damaged
28056, Cope cage
28057, Additional armour
28060, Damaged
28065, Cope cage
28069, Cope cage
28097, Stugna
28100, Jammer
28108, Cope cage
28115, V
28129, Cope cage
28130, Cope cage
28132, Shattered
28135, Damaged
28149, Cope cage
28164, Cope cage
28165, ◇
28168, Z
28171, Expanded cabin
28175, Additional armour
28176, Cope cage
28178, Damaged
28179, Cope cage
28181, Damaged
28182, Expanded cabin
28183, Mine plow/roller
28218, Jammer
28227, Expanded cabin
28232, Mine plow/roller
28238, Jammer
28243, Cope cage
28302, Additional armour
28303, Shattered
28310, Damaged
28326, Expanded cabin
28327, V
28348, Damaged
28356, ◇
28363, Jammer
28366, Shattered
28373, V
28385, Additional armour
28399, Jammer
28400, Additional armour
28413, Cope cage
28418, Cope cage
28425, Cope cage
28433, Cope cage
28435, Damaged
28449, Cope cage
28454, ◇
28465, Cope cage
28467, Cope cage
28468, ◇
28470, Jammer
28484, Additional armour
28492, Additional armour
28514, Cope cage
28527, Cope cage
28528, Shattered
28544, Jammer
28546, Expanded cabin
28547, Cope cage
28548, Cope cage
28549, Cope cage
28550, Shattered
28593, Jammer
28594, Additional armour
28595, Cope cage
28604, Jammer
28606, Shattered
28608, Cope cage
28610, Damaged
28613, Damaged
28617, Cope cage
28618, Cope cage
28620, Jammer
28621, Shattered
28632, Cope cage
28645, Damaged
28659, Jammer
28667, Cope cage
28673, Shattered
28684, Cope cage
28702, Cope cage
28723, Jammer
28731, Shattered
28747, Mine plow/roller
28749, Cope cage
28750, Cope cage
28751, Damaged
28754, Shattered
28761, Turtle
28773, Shattered
28774, Additional armour
28781, Cope cage
28800, Jammer
28803, Cope cage
28825, ◇
28847, Cope cage
28857, Cope cage
28858, Cope cage
28869, Additional armour
28888, ☐
28892, Cope cage
28912, Cope cage
28942, Jammer
28946, ◇
28971, Jammer
28972, Improvised
28973, Expanded cabin
28974, V
28977, Cope cage
28980, ☐
28999, ✕
29005, Cope cage
29008, ✕
29039, Damaged
29067, Cope cage
29068, Jammer
29069, Jammer
29072, Damaged
29073, Turtle
29080, Improvised
29083, Damaged
29086, Mine plow/roller
29087, Damaged
29094, Cope cage
29099, ◇
29109, Additional armour
29117, Jammer
29134, ◇
29161, Additional armour
29174, Damaged
29181, Cope cage
29187, Cope cage
29237, Expanded cabin
29252, Cope cage
29263, Cope cage
29274, PL-1
29275, Cope cage
29312, Turtle
29317, ✕
29328, Cope cage
29376, Turtle
29398, Damaged
29401, Damaged
29422, Damaged
29423, Cope cage
29424, Cope cage
29431, Expanded cabin
29445, Shattered
29461, Cope cage
29462, Shattered
29471, Cope cage
29478, Additional armour
29482, Cope cage
29497, Additional armour
29498, Additional armour
29499, Cope cage
29502, Additional armour
29505, Cope cage
29507, Expanded cabin
29521, Additional armour
29524, Z
29525, Damaged
29527, Cope cage
29528, Cope cage
29557, Damaged
29565, Cope cage
29570, Cope cage
29571, Cope cage
29572, Cope cage
29590, Additional armour
29593, Additional armour
29605, Cope cage
29607, Jammer
29608, Cope cage
29609, Cope cage
29630, Damaged
29660, Flipped
29661, ☐
29665, Jammer
29666, Jammer
29671, Cope cage
29674, Jammer
29691, Jammer
29698, Additional armour
29739, Damaged
29743, Cope cage
29774, Cope cage
29787, Cope cage
29811, Cope cage
29842, Shattered
29872, Cope cage
29876, Cope cage
29877, Jammer
29883, ☐
29887, Mine plow/roller
29893, Jammer
29906, Cope cage
29913, Additional armour
29915, Cope cage
29920, Shattered
29921, Expanded cabin
29944, Jammer
29957, Cope cage
29959, Damaged
29974, Damaged
29975, Cope cage
29991, Cope cage
29996, Jammer
29997, Cope cage
30008, Additional armour
30009, Jammer
30013, Shattered
30023, Jammer
30034, Cope cage
30043, Shattered
30062, Jammer
30065, Cope cage
30066, Damaged
30067, Damaged
30105, Cope cage
30127, Cope cage
30130, Additional armour
30132, Jammer
30144, Cope cage
30167, Additional armour
30172, Shattered
30189, Jammer
30193, ☐
30196, Additional armour
30197, Jammer
30200, Shattered
30201, Jammer
30203, Shattered
30204, Additional armour
30210, Shattered
30211, Additional armour
30213, Cope cage
30220, Cope cage
30221, Cope cage
30222, Turtle
30223, Additional armour
30224, Jammer
30225, Jammer
30227, Shattered
30229, Jammer
30230, Jammer
30236, Jammer
30243, Damaged
30249, Cope cage
30253, Shattered
30282, Cope cage
30285, Cope cage
30286, Jammer
30289, Shattered
30290, Turtle
30291, Jammer
30296, Cope cage
30298, Cope cage
30299, V
30301, Shattered
30302, Damaged
30313, Damaged
30314, Damaged
30316, Additional armour
30319, Cope cage
30322, Damaged
30323, Additional armour
30325, Cope cage
30329, Damaged
30330, Cope cage
30346, Additional armour
30349, Jammer
30352, Cope cage
30355, Jammer
30359, Shattered
30365, ◇
30369, Additional armour
30370, Additional armour
30374, Cope cage
30375, Cope cage
30376, Additional armour
30386, Cope cage
30397, Cope cage
30398, Jammer
30399, Jammer
30405, Damaged
30409, Expanded cabin
30410, Turtle
30445, Cope cage
30450, Cope cage
30452, Armour kit missing
30462, Jammer
30464, Cope cage
30465, Cope cage
30466, Shattered
30472, Additional armour
30477, Jammer
30480, Damaged
30481, Cope cage
30484, Shattered
30489, Shattered
30511, Shattered
30513, Cope cage
30515, Damaged
30520, Mine plow/roller
30553, Cope cage
30559, Cope cage
30567, Additional armour
30580, Shattered
30599, Damaged
30612, Shattered
30618, Shattered
30632, Additional armour
30655, Additional armour
30668, Cope cage
30669, Damaged
30678, Cope cage
30698, Cope cage
30703, Shattered
30728, Cope cage
30735, Cope cage
30746, Improvised
30756, Turtle
30763, Turretless
30783, Damaged
30797, ∆
30798, Additional armour
30806, ✕
30808, Shattered
30809, Mine plow/roller
30810, Shattered
30813, ◇
30822, Jammer
30831, ▲
30834, Jammer
30837, Turtle
30854, Armour kit missing
30856, Cope cage
30872, Cope cage
30873, Jammer
30874, Cope cage
30884, Cope cage
30888, Jammer
30889, Jammer
30905, Mine plow/roller
30906, Jammer
30907, Turtle
30919, Cope cage
30920, Jammer
30921, Turretless
30923, Flipped
30940, Expanded cabin
30942, Jammer
30947, Jammer
30948, Damaged
30949, Cope cage
30950, Damaged
30955, Jammer
30957, Cope cage
30958, Cope cage
30961, V
30964, Turretless
30965, Cope cage
30968, Turtle
30969, Jammer
30975, Damaged
30977, Turtle
30981, Jammer
30983, V
30985, ✕
31000, Turtle
31002, Damaged
31004, Additional armour
31005, Damaged
31025, Turretless
31029, Cope cage
31076, Jammer
31077, Jammer
31081, Cope cage
31082, Additional armour
31085, Cope cage
31086, Cope cage
31087, Jammer
31088, Cope cage
31093, Cope cage
31098, Cope cage
31119, Jammer
31124, Jammer
31147, Jammer
31148, Jammer
31149, Additional armour
31157, V
31177, Jammer
31179, Cope cage
31184, Additional armour
31185, Additional armour
31187, Jammer
31189, Cope cage
31191, Cope cage
31192, Additional armour
31193, Jammer
31198, Damaged
31207, Cope cage
31210, Shattered
31212, Turretless
31230, Turretless
31231, Additional armour
31234, Jammer
31235, Additional armour
31236, Turtle
31241, Jammer
31242, Damaged
31246, Jammer
31250, Flipped
31251, Jammer
31252, Jammer
31256, Mine plow/roller
31257, Cope cage
31258, Cope cage
31262, Jammer
31291, Z
31303, Jammer
31328, Additional armour
31329, Jammer
31333, Shattered
31338, Cope cage
31339, ✕
31341, Cope cage
31342, Jammer
31345, Jammer
31350, Turretless
31359, Shattered
31381, Cope cage
31382, Jammer
31383, Jammer
31386, Turtle
31413, Z
31414, Armour kit missing
31421, Cope cage
31425, Damaged
31427, Turretless
31440, Cope cage
31441, Cope cage
31443, Cope cage
31481, Jammer
31493, Cope cage
31501, Cope cage
31529, Turtle
31533, Cope cage
31548, Cope cage
31559, Cope cage
31560, Damaged
31564, Cope cage
31565, Additional armour
31578, Damaged
31579, Damaged
31580, Turtle
31593, Cope cage
31596, Additional armour
31624, Expanded cabin
31629, Cope cage
31647, Jammer
31654, Turretless
31657, Turtle
31658, Cope cage
31691, ◇
31692, Additional armour
31696, ✕
31702, ✕
31704, Jammer
31705, V
31706, Cope cage
31728, Turtle
31750, Cope cage
31751, Jammer
31754, Mine plow/roller
31764, Turtle
31773, Jammer
31780, Cope cage
31789, Cope cage
31792, Cope cage
31796, Turtle
31801, Cope cage
31815, Cope cage
31827, Mine plow/roller
31833, Turretless
31842, Mine plow/roller
31854, Shattered
31867, Cope cage
31882, Jammer
31885, Mine plow/roller
31903, Jammer
31918, Turretless
31919, Turretless
31939, Shattered
31945, Cope cage
31948, Cope cage
31951, Shattered
31964, Jammer
31965, Jammer
31986, Turtle
31987, Turtle
31992, Jammer
31993, Jammer
31994, Mine plow/roller
31995, Jammer
31996, Jammer
31997, Additional armour
32004, Cope cage
32011, Shattered
32014, Damaged
32015, Cope cage
32017, Shattered
32018, Damaged
32020, Damaged
32023, Cope cage
32027, Damaged
32028, Damaged
32029, Shattered
32037, Additional armour
32043, V
32059, Cope cage
32060, Jammer
32061, Shattered
32062, Jammer
32066, Turretless
32076, Z
32079, Jammer
32096, Additional armour
32097, Jammer
32098, Damaged
32099, Damaged
32100, Damaged
32103, Additional armour
32104, Additional armour
32105, Additional armour
32106, Jammer
32111, Cope cage
32119, Additional armour
32125, Cope cage
32126, Jammer
32139, Expanded cabin
32161, Cope cage
32164, Jammer
32175, Expanded cabin
32178, Shattered
32192, Turretless
32194, Cope cage
32195, Cope cage
32222, Cope cage
32224, Cope cage
32239, Jammer
32243, Cope cage
32254, Cope cage
32263, Cope cage
32264, Shattered
32272, O
32273, O
32274, Cope cage
32281, Shattered
32288, Jammer
32298, Mine plow/roller
32313, ☐
32315, Additional armour
32328, Damaged
32343, Cope cage
32350, Jammer
32358, Cope cage
32371, Cope cage
32372, Cope cage
32385, Cope cage
32402, Jammer
32405, Turretless
32406, Turretless
32422, Damaged
32423, Additional armour
32424, Damaged
32449, Cope cage
32467, Turretless
32471, Cope cage
32472, Turretless
32479, Shattered
32480, Jammer
32482, Expanded cabin
32484, Cope cage
32495, Expanded cabin
32516, Cope cage
32519, Jammer
32520, Additional armour
32523, Cope cage
32529, Cope cage
32531, Turretless
32533, Damaged
32534, Cope cage
32537, Additional armour
32546, Jammer
32554, Loitering
32569, Additional armour
32572, Jammer
32573, Jammer
32574, Additional armour
32576, Cope cage
32612, Additional armour
32618, Turtle
32619, Flipped
32639, Damaged
32640, Shattered
32642, Shattered
32658, Damaged
32708, Jammer
32732, Cope cage
32733, Additional armour
